_imaging.cpython-312-aarch64-linux-ohos.so	usr-lib	48bd990552405908ad51586794405afc4df0e22089067fc65d9a1034621dd0e9
_imagingmath.cpython-312-aarch64-linux-ohos.so	usr-lib	efa14fed53155c05a5f23a97f73b4da24e327b059154c1437f47a340ae081772
_imagingmorph.cpython-312-aarch64-linux-ohos.so	usr-lib	64b1c01976fbfeb0e5ef40d177718ee02b5638253b1a809af580623bafa90b38
_imagingtk.cpython-312-aarch64-linux-ohos.so	usr-lib	90fd35bdf693ecf3b322a4bfe71f5e0c7c24f55f5d9d610b026088a08be4dd76
_pydantic_core.cpython-312-aarch64-linux-musl.so	pc-wheel	030cd7e11488b530664387845ecd1e3b638a469b77e1b32f96d0ec9d46c8710f
_safetensors_rust.abi3.so	rust	18d523b0b851e7e66cf566b7077cfdb924a7dafea877395cdcdd06ee7a34fe27
libbz2.so.1.0	usr-lib	39f0a2f6b7b52474467c2c62ce7ec0a2454cb1f2c0738affe90a1bcf2753c5aa
libc++.so.1	usr-lib	cb3b0cf863796fef7e670c8e96818e9520003ae64c234422a3a021ad61d0c993
libc++abi.so.1	usr-lib	53534ca57bfaf30a8d15d123b159dbd7711da784ac70591ed066bb90f381049d
libcrypto.so.3	usr-lib	f1eb55be83d3f0a92bc7a992e41daca72bcee6f2136216d181d435742ce0f159
libffi.so.8	usr-lib	5feb3d7009c1e72772bcbebcb04dc2d513d5ee2986db7eeca96f3402358a26c5
libgcc_s-0bf60adc.so.1	pc-wheel	f33db50df5fb0591ee20b789e7f26cb4593e3a36a3dcd45c668d5af03a3f5a87
libintl.so.8	usr-lib	ef398c1f7b58ffe09bdd26353ab9d6bff3bd067c950b781052f039deb718d2da
libjpeg.so.62	usr-lib	31853a681bccd682a7d7097a7488ab24dd1ff1bc16f601a06dd9dbc6fb8ebeb7
liblzma.so.5	usr-lib	9958b3348a296a87375b8ef34cd3406cfcff7dd98413e25babe87fcb03a76efc
libncursesw.so.6	usr-lib	32085ac788c578dfbe65b9d3cccc24539257a11c47ba2b391d8bcf8e7941259c
libomp.so	usr-lib	fcf19d5d7d6f0c7d161972414dc000f621fc404621160ee214a284678f761f98
libpanelw.so.6	usr-lib	34a3b90c852c3d1280ed3025721d7a07cb3296f6183675e67b391efc7e1cf54d
libpython3.12.so.1.0	usr-lib	a35d3129b99715350f458f0a67d6daa2d695cb56024b88559a8c4ae29fd32ade
libssl.so.3	usr-lib	593cba9a80cf708d5979f38d84a417dfad16b554d10df5eac4adb3c9ef06c25c
libtinfow.so.6	usr-lib	fbc9011fdd8b1bb43b0a358b24e45df4b2dd6a114e2676a0339a95a3211700ae
libunwind.so.1	usr-lib	9555b35b6a2ee15a3bcf6efaca0b965f676b6943d460b976b9d622ee95ab3dd8
libz.so.1	usr-lib	435fd33eeaf8f4239c7cb481bba5c92883ef29c9632d57ea7bed1e132eb0d2b0
tokenizers.abi3.so	rust	7e9fbc33d81a70694d169d41b9d042c070154e99d9b3dee580d5486b4772bc94
numpy/_bounded_integers.cpython-312-aarch64-linux-ohos.so	numpy	6208b3853f022a12b22481ddee15a45e7be4c592f784cfc5e3aacee2326a12ff
numpy/_common.cpython-312-aarch64-linux-ohos.so	numpy	88a26995036e7ef1a851e15bfd5f160ea289a0445f193a03982998e7d9ccb2aa
numpy/_generator.cpython-312-aarch64-linux-ohos.so	numpy	e4b9b86b72608e9254b8d1806dc00d1d66f75851187fd2d3f298e36a2872c665
numpy/_mt19937.cpython-312-aarch64-linux-ohos.so	numpy	151dc4a7400b0bd10c388ed24b9c09965c07fbe8da1cce68f5294711ef852d7f
numpy/_multiarray_tests.cpython-312-aarch64-linux-ohos.so	numpy	19d0216886ad716198593efe11dbba473591b6771295551837fb2d8e541f6ca5
numpy/_multiarray_umath.cpython-312-aarch64-linux-ohos.so	numpy	ac3b20a53f4c1e799789e09849ef95a463c8959bd7d4c0ce0f7cfa425eb2cbf8
numpy/_operand_flag_tests.cpython-312-aarch64-linux-ohos.so	numpy	1d49213883465a0c0334540fb8ec791f57134e1006b6e482181e77ab1e670b69
numpy/_pcg64.cpython-312-aarch64-linux-ohos.so	numpy	63cfb078be93348e7e9da706620d271850601c53b2012563b6f29960cff888ca
numpy/_philox.cpython-312-aarch64-linux-ohos.so	numpy	b2edbbf2170163d9769df2ecb26dcb457c1d7fcd4ef96b3968f6c5fbc930e8de
numpy/_pocketfft_internal.cpython-312-aarch64-linux-ohos.so	numpy	0656ddebf9a582c0e69d3ce9ab7bd95f55db4009fb94953219db4ff433df538a
numpy/_rational_tests.cpython-312-aarch64-linux-ohos.so	numpy	d0ac0898974840a9d9252631d52592b2fd1a0a2cdf2f57d480ccb170981f4b31
numpy/_sfc64.cpython-312-aarch64-linux-ohos.so	numpy	91dbd3fcf2659fd4aee8750bc9567f0c9699a49151295aec866f94c098deadad
numpy/_simd.cpython-312-aarch64-linux-ohos.so	numpy	6e3ae08729b2178075bc97a849b95776e7b9c3c6b9c5e3ee618ef0c2d14dd5ce
numpy/_struct_ufunc_tests.cpython-312-aarch64-linux-ohos.so	numpy	e84cfaa7cd88af9ec94de13f1bc12971e38578be9c6ee63e051579bae897f6fd
numpy/_umath_linalg.cpython-312-aarch64-linux-ohos.so	numpy	58964d892bb1b12c25715c26b1a186cf31620d45020b25ac47501d02e9fb3c2a
numpy/_umath_tests.cpython-312-aarch64-linux-ohos.so	numpy	42553fa4dddee378521ac231033f6d174eae6c7cdad77f970474a7ad94fdde94
numpy/bit_generator.cpython-312-aarch64-linux-ohos.so	numpy	c0bdeadabce8d43f86f29b3a09be785ca1e9d8bc551e64cb918227abc8ca6787
numpy/lapack_lite.cpython-312-aarch64-linux-ohos.so	numpy	e93675232823d4159e6fa1917f944847df5d3a81676a8f73340a932c490ab0d6
numpy/mtrand.cpython-312-aarch64-linux-ohos.so	numpy	bff6b2feed6aa5633eb4dabbfe06aa44d2dbc67140459ecc7b9666f3aa8f09a4
scipy/__odrpack.cpython-312-aarch64-linux-ohos.so	scipy	bcc8666e2c5ac708354829e9073a972da2855ec29f4c49c5ca0db674eadb6141
scipy/_ansari_swilk_statistics.cpython-312-aarch64-linux-ohos.so	scipy	ac562d50d2d2c46252341aa8c957b4147e9b8fa01d77d1ca683187f48cb0052c
scipy/_arpack.cpython-312-aarch64-linux-ohos.so	scipy	77d7cb94b4ab09ad1c7a448f4e863bad2f218e00bd40dd1a36b3e63874f4aedf
scipy/_bglu_dense.cpython-312-aarch64-linux-ohos.so	scipy	889d45361ffeb889a05e39c22b23846c442e9cc72dc57eaf1d34bdd3f427e3a4
scipy/_biasedurn.cpython-312-aarch64-linux-ohos.so	scipy	06ab6676a7aea4bc166f75c590352ab932a0df6a52d64997b12aa5a0f338879a
scipy/_ccallback_c.cpython-312-aarch64-linux-ohos.so	scipy	d9019e37c35aa148104d62f24c69b8856665782d1852f6b7d6e8144f4c4be5b7
scipy/_ckdtree.cpython-312-aarch64-linux-ohos.so	scipy	775eb1649bc4a8be5689d64ebdcf4749e88eaf4f19877ff080b531177cdee899
scipy/_comb.cpython-312-aarch64-linux-ohos.so	scipy	417b64ee76e9516133ceea6b571eab004809983fc2b9ee9fc565e3553caa6938
scipy/_core.cpython-312-aarch64-linux-ohos.so	scipy	4497015ed659135c74fc6c0e29c70371d237f84b85889cb636ba9edcea1ba47c
scipy/_cpropack.cpython-312-aarch64-linux-ohos.so	scipy	9a17cf61b34eee73fc55e80cf03b32a3fc6afe3d04ec34813bc89de52c5c5de4
scipy/_csparsetools.cpython-312-aarch64-linux-ohos.so	scipy	2f0c1d4db8c465dca9317b1361c54a940d35a64fc828dd84452e11229d311d8a
scipy/_ctest.cpython-312-aarch64-linux-ohos.so	scipy	c121292c163a073acdb96f61581ecdf6c7c3cf4e87a6d89de43f9dee14959a55
scipy/_cytest.cpython-312-aarch64-linux-ohos.so	scipy	ef3931ca794ef0613f6c923aa8458eef87fc2e6f6de5fb625fa53df2b2a18895
scipy/_cythonized_array_utils.cpython-312-aarch64-linux-ohos.so	scipy	57350bbbaf5c482a576fb1715e859a74a462d2aeb314901c4bfdcdf365d475d4
scipy/_cyutility.cpython-312-aarch64-linux-ohos.so	scipy	a6104d2f86043b1b65683a0e6f89f4dccc4722369e1698d77d87e8de6bb25d7a
scipy/_decomp_interpolative.cpython-312-aarch64-linux-ohos.so	scipy	e85e260edf0e6427c610f455cc0bdec218bc9bf8eb22d2f91314c630941bf23d
scipy/_decomp_lu_cython.cpython-312-aarch64-linux-ohos.so	scipy	f66f2ea4961aec402fa7101a239b445557e24c2b84a9e82629c127976420842c
scipy/_decomp_update.cpython-312-aarch64-linux-ohos.so	scipy	b7cde057305ee8b0585ea42d6a1506ee902fc59d075eb0808eb6847362f7cb4b
scipy/_dfitpack.cpython-312-aarch64-linux-ohos.so	scipy	1db41b21690d3695edd2c4c44dc1f8627dd8bdb3ec518f3ee9b02a52c0acf2f6
scipy/_dierckx.cpython-312-aarch64-linux-ohos.so	scipy	8b3d4c093d79e285bd3b0bdbbc8dfa08122247a524753ffddc1dd403778ccd52
scipy/_direct.cpython-312-aarch64-linux-ohos.so	scipy	398288a197dc9d10724245dbc253a2c99b722ef62a35e007b8f10406723c518e
scipy/_distance_pybind.cpython-312-aarch64-linux-ohos.so	scipy	d95b02eeea220316107db4620f386ec2470df7ab793039185f6339a4dd7eeb92
scipy/_distance_wrap.cpython-312-aarch64-linux-ohos.so	scipy	5399a16db25a29c49cb9fdc09e2899ac4bf6b6ec4c12ee10a4a3be2492d76422
scipy/_dop.cpython-312-aarch64-linux-ohos.so	scipy	004fd816652034a7962602efbf65575b77dd81a3f3f4e9fa1e306b5742534424
scipy/_dpropack.cpython-312-aarch64-linux-ohos.so	scipy	5ed673ed288a74e767ed7531bc1aeafbff22d47e4ecdfbef2dc9ec616445f5ce
scipy/_ellip_harm_2.cpython-312-aarch64-linux-ohos.so	scipy	871e5ecec056480951d79c6750757ebd23cb6230ba83b86e9cb4c6b87ab59f79
scipy/_fblas.cpython-312-aarch64-linux-ohos.so	scipy	51cb2d6d04a82f4f429c06a87cf2dae4c69c958fded4ebbb0975ba9e238d94b7
scipy/_fitpack.cpython-312-aarch64-linux-ohos.so	scipy	bfef43e662a8d46aad4857fd943ed5cdae835284d509ef7e574031f8f2bcb314
scipy/_flapack.cpython-312-aarch64-linux-ohos.so	scipy	f0d06cc369cd5bf48fa150f375b921943e2a71ccb3dcb013205ce70e82b746ce
scipy/_flow.cpython-312-aarch64-linux-ohos.so	scipy	55d020b231fe4bd7b2fd19e0513c427760a3ccfd8b058706460e8684b18c2ffe
scipy/_fmm_core.cpython-312-aarch64-linux-ohos.so	scipy	8f49897dca126c5c7f9042c0c0d75ec13021c68daf534607b44b3ed344aa08e5
scipy/_fpumode.cpython-312-aarch64-linux-ohos.so	scipy	562924deea4bd2787f1b634b3354e5b406af18eb17a33a15f843b38bc7a2648e
scipy/_group_columns.cpython-312-aarch64-linux-ohos.so	scipy	5f5b6996332f109a96d97c0b2228194084f34f14d2b5483ab76537f87af89255
scipy/_gufuncs.cpython-312-aarch64-linux-ohos.so	scipy	5cfbccdc46c8af11276abcc71a3c14d0e8efa72f7fb9df4e7e8bfe8c6a5987bf
scipy/_hausdorff.cpython-312-aarch64-linux-ohos.so	scipy	83462de4ab73e1ae47f643169cc9fcf48004c4ffe4a1c7c296799ecd5502696e
scipy/_hierarchy.cpython-312-aarch64-linux-ohos.so	scipy	c6a601b90a42abd62fe258fb11bc80cc428405bf04e5b3dbb6dea74287b74154
scipy/_highs_options.cpython-312-aarch64-linux-ohos.so	scipy	3b38e38191d8df8ab3c1cc57c22539188e9f3a7aa8587534941b17db4070c0c4
scipy/_interpnd.cpython-312-aarch64-linux-ohos.so	scipy	06ed236377c356ae6c52e068d3f91a0bfe90712b9e21cfbd41f0a80a1508a432
scipy/_lbfgsb.cpython-312-aarch64-linux-ohos.so	scipy	a9a7b0e0ec98c2bfd28bc080fa9e1b40d6a1ce9bf4c2c9a20a65a5f7b1e71ab9
scipy/_linalg_pythran.cpython-312-aarch64-linux-ohos.so	scipy	f091f355e1e2237ff5ba2cc955b69490249b347da81ca86806d90377798a7a12
scipy/_lsap.cpython-312-aarch64-linux-ohos.so	scipy	2ef13eb53ee37b27fc8fad6900272bd22cf0b8a24d3ff5ec5a33416682d36b10
scipy/_lsoda.cpython-312-aarch64-linux-ohos.so	scipy	5e267f5d69c51fa28b9ab8b627c1922a1c49ddc176b241bbbc58539c06573f75
scipy/_matching.cpython-312-aarch64-linux-ohos.so	scipy	80ae34666c9aaff83f0a7f571c5b136876f84cace8e74dab6d8397b66ff6e8f9
scipy/_matfuncs_expm.cpython-312-aarch64-linux-ohos.so	scipy	c27d9848b8516c12be1e7c5b3aab99e97a8a926eac6939d37b6fbd1c45c49194
scipy/_matfuncs_schur_sqrtm.cpython-312-aarch64-linux-ohos.so	scipy	141011b41bccc352ca45258791ff45445e678e08beec9557b730bd25d4767cba
scipy/_matfuncs_sqrtm_triu.cpython-312-aarch64-linux-ohos.so	scipy	c6398fb26081e8bb630f204c373a3f74f7f9a5a32ef4e4b9d62c3de261a2e0b7
scipy/_max_len_seq_inner.cpython-312-aarch64-linux-ohos.so	scipy	7b83922c7f316b46ac74aaf7f34b74b09f207d101fa57c0a3cea4fc92c0cd64c
scipy/_min_spanning_tree.cpython-312-aarch64-linux-ohos.so	scipy	789f68b64ee85204e2726ae3e49c83d384e5e165dced701c8c3901be3805294a
scipy/_minpack.cpython-312-aarch64-linux-ohos.so	scipy	dfce8f5bd8cab6ffdff184566551eb079808c2ad24ce38990e914e1e792be329
scipy/_mio5_utils.cpython-312-aarch64-linux-ohos.so	scipy	20a1066ae72a95cb7635191a85e200b29dfe71169356b7a2368333a936a2ed50
scipy/_mio_utils.cpython-312-aarch64-linux-ohos.so	scipy	2f0442794eb70ae81c37eacc1102350685802c5014b9320e7a9685c86a43ffe2
scipy/_moduleTNC.cpython-312-aarch64-linux-ohos.so	scipy	306d24434dc695f7bd3c331b83b5bd5f552a45010f76cf3059d305b0686a68af
scipy/_nd_image.cpython-312-aarch64-linux-ohos.so	scipy	35fe9a31aaa344c1e2922c9678210baace5e0d6fb501247778685737fcf5380f
scipy/_ni_label.cpython-312-aarch64-linux-ohos.so	scipy	447f7771c3762909360785a2f219739295dcbc5d87e6f1c0262039389121bd21
scipy/_odepack.cpython-312-aarch64-linux-ohos.so	scipy	08fa728eac246cf6a245a5304f17b0ee48c0fc30f7b439caafd74069214d8a71
scipy/_optimal_leaf_ordering.cpython-312-aarch64-linux-ohos.so	scipy	00199b425a3ede25bfcdf21581bb038640a953d66001315c3388be57d7b14a96
scipy/_pava_pybind.cpython-312-aarch64-linux-ohos.so	scipy	38e71a57adaa6ab2813ba200af8680859d46a4d8f93e6410c0e50e6e64daa05f
scipy/_peak_finding_utils.cpython-312-aarch64-linux-ohos.so	scipy	c2733d30d49f73773ddec2ae3e4b76fa6f1eff2ed40c8a99785b12156554bc31
scipy/_ppoly.cpython-312-aarch64-linux-ohos.so	scipy	19f9a18821148db40ee28dbf56a740ad26aa0b6be2243a724002e1c8bf929961
scipy/_qhull.cpython-312-aarch64-linux-ohos.so	scipy	25242d7d8a6b0b9c802dd1d3cc08258bac2c59860074732052adafc08e0959b2
scipy/_qmc_cy.cpython-312-aarch64-linux-ohos.so	scipy	8a85e67379b4e135a4738e5ddac6361fd67a6132af0e3d457d215e1b40e7d63f
scipy/_qmvnt_cy.cpython-312-aarch64-linux-ohos.so	scipy	08e502585ba8dcde8165cd7faeed0406d4dac5d8b25c236f5cbf4abaf6102cee
scipy/_quadpack.cpython-312-aarch64-linux-ohos.so	scipy	406f991fcd9d49f2a0f84a39bdf3b1b3c7dde6404ee8ac3ba5e56eb1f840383a
scipy/_rank_filter_1d.cpython-312-aarch64-linux-ohos.so	scipy	e6ad864b2bb64776f21db87b1d4c6ffa4a55c64cd1226a8b7480ebd6d6a3a0eb
scipy/_rbfinterp_pythran.cpython-312-aarch64-linux-ohos.so	scipy	da4948794cd601825bc90c76c30287d36d289d1c3ff8ef17edd5e617ff0459e6
scipy/_reordering.cpython-312-aarch64-linux-ohos.so	scipy	5d452bb22632021487615f2ae9c289bc7bcc34892f32b05d04f710b8ea806609
scipy/_rgi_cython.cpython-312-aarch64-linux-ohos.so	scipy	8d33e826712aebf9a08b5ce3fe847ea8ebdfef28f204147197c29db44e0d2084
scipy/_rigid_transform.cpython-312-aarch64-linux-ohos.so	scipy	8db2a62641097e46a44fd65d2d8cd15248ebe7d997f8cc8cfb7e48afaa934d10
scipy/_rotation.cpython-312-aarch64-linux-ohos.so	scipy	2ea00319f9ae6e3c2606c43286cf44747433de04952de8fe7b11e5f2ee6a7212
scipy/_shortest_path.cpython-312-aarch64-linux-ohos.so	scipy	874d54fed2e4954642d31477fef4daa9820a8c9e3ac3d3b2591350fb1c09993e
scipy/_sigtools.cpython-312-aarch64-linux-ohos.so	scipy	209c893ee7b3ed0f473775e5e432544368d91a6c06905a6f406474faecb7b974
scipy/_slsqplib.cpython-312-aarch64-linux-ohos.so	scipy	b204ef41654c3922d981702dd8800cef58d7e8456575528dbaeda76795065b21
scipy/_sobol.cpython-312-aarch64-linux-ohos.so	scipy	8915a070a8ef09a76001fb1dda77e7387f94b4f8b819e6c4e77644cc77e34dc5
scipy/_solve_toeplitz.cpython-312-aarch64-linux-ohos.so	scipy	760b5c2e5def01cd691d537fa596bcc7e10ad38c1fe53876bcb2853363547636
scipy/_sosfilt.cpython-312-aarch64-linux-ohos.so	scipy	4416c6261b9cb455ab08a2a3b455a759490dee470e22f638e57b5e78c79e75d4
scipy/_sparsetools.cpython-312-aarch64-linux-ohos.so	scipy	ca6398ab0dd12479f527afe83bdaf1b089e4f14f8b9f8416f51125e846aa35dc
scipy/_specfun.cpython-312-aarch64-linux-ohos.so	scipy	eee9dcee49dac6a087a48d9f558528d6b31537a311d763b1640055ff7e8b7849
scipy/_special_ufuncs.cpython-312-aarch64-linux-ohos.so	scipy	767185b13af3c57c43b956aef1f8db184167784fa7669eed27e41eb49d234a1e
scipy/_spline.cpython-312-aarch64-linux-ohos.so	scipy	a9e5839755bb8889d1de2da05841d08decd7e629b7ddce9396fb629158e7dd3c
scipy/_spropack.cpython-312-aarch64-linux-ohos.so	scipy	6d82cbd120919d8af0c14f2bf66696c4772b689d1d989c6edd00820ab3f1db93
scipy/_stats.cpython-312-aarch64-linux-ohos.so	scipy	185e38d198acf9a4fbff07077c91da7cf97fe021e49dd8b9cbb6c28821c691ac
scipy/_stats_pythran.cpython-312-aarch64-linux-ohos.so	scipy	8de4dec1f58ea1c86135b84c85f56555e80f32b0a8782d23dd7799a27801a5d3
scipy/_streams.cpython-312-aarch64-linux-ohos.so	scipy	ab7178d48f70122e5e7f0e657ca2b8fe74078fe4ef3e9c53f16a32e8dda08202
scipy/_superlu.cpython-312-aarch64-linux-ohos.so	scipy	cee0ddfab455c390547ad530885bde0b6f9cb626d514d658ee8a5c4738ed3fb8
scipy/_test_ccallback.cpython-312-aarch64-linux-ohos.so	scipy	be531144d137d661a1a832045d273fb99f34ac995b9817f9742579b838e492b1
scipy/_test_deprecation_call.cpython-312-aarch64-linux-ohos.so	scipy	4b83ec5cf5c5f3ebfea14f42972aa76afbfc371178ea96de5c5a982f25338906
scipy/_test_deprecation_def.cpython-312-aarch64-linux-ohos.so	scipy	b12e6732d58ade4a4cc7d299ca92aa90ddd2cdf29af101826b5e7832b8713ccb
scipy/_test_fortran.cpython-312-aarch64-linux-ohos.so	scipy	c7f7a89b93945f29c141e706207510d4aafdb17078617528e0e763ac9e742011
scipy/_test_internal.cpython-312-aarch64-linux-ohos.so	scipy	c4dae86e14b7cc8314d4ed0753eef9fc1a85661d3ada0a684180952849e1b113
scipy/_test_multivariate.cpython-312-aarch64-linux-ohos.so	scipy	a2da1d959e9d236d77400d9c1c40ab63601b9cb2d37fec7fe7d8af5ac2e2c1c7
scipy/_test_odeint_banded.cpython-312-aarch64-linux-ohos.so	scipy	1f272d8a767aaacf174504c6b28159866161d11e60fa2b909e21a34bd0dbfb13
scipy/_tools.cpython-312-aarch64-linux-ohos.so	scipy	3bdd14472300adada1ab306f11e5844c91cb4c9c6654b17e8d040483b2987307
scipy/_traversal.cpython-312-aarch64-linux-ohos.so	scipy	5eb1d39030407e10d2e86a56e161399e432449444bdf5aa2a8af625f889cc35f
scipy/_trlib.cpython-312-aarch64-linux-ohos.so	scipy	9bfff4f43df90b465e5386090d683c968e3280aceeedd48907866a710cf44b4b
scipy/_uarray.cpython-312-aarch64-linux-ohos.so	scipy	a2a0df28161040c3fee078664c652f62110411c920a91174c2a336db1ca368c4
scipy/_ufuncs.cpython-312-aarch64-linux-ohos.so	scipy	4cebb6a290228649f97f771bcf99b0e8589ae00b840e5cdb69dc93011f95c61c
scipy/_ufuncs_cxx.cpython-312-aarch64-linux-ohos.so	scipy	1392973a957a90c88098da0365bfa8eb5a22780f219d08ef2c4cc058c9d657a6
scipy/_upfirdn_apply.cpython-312-aarch64-linux-ohos.so	scipy	69bbc4aa7a6ac6270f603b9f5cd6e3e70a7da54277a5796b4fc9fd977c3b6ba1
scipy/_vode.cpython-312-aarch64-linux-ohos.so	scipy	efe768bca3bd91a6dc1f7164de5630be5f62f9aa8f474cbf93f241d01c5d27ab
scipy/_voronoi.cpython-312-aarch64-linux-ohos.so	scipy	d1e39db061294a5ba985d63957401b4ffe6cddd2427a9244ac5b32914e0cc5dd
scipy/_vq.cpython-312-aarch64-linux-ohos.so	scipy	2a177de685ef6dbc5d9d0b9b377a64c474080a7f01d508bb805e8e717f50b352
scipy/_zeros.cpython-312-aarch64-linux-ohos.so	scipy	dc02cdf85eb5b2b68e290cbe364a07d15defaedb8c5bc493027eab23227269b4
scipy/_zpropack.cpython-312-aarch64-linux-ohos.so	scipy	a249c349ff0c99d0d496c3ee23504eeafa3e3100ded703a874155ffc6f3c60d8
scipy/convolve.cpython-312-aarch64-linux-ohos.so	scipy	e1dd498e795ec9e7f2e7d94284cb76b745d04aefbadc6e04b3e677fe49233051
scipy/cython_blas.cpython-312-aarch64-linux-ohos.so	scipy	1a8990a1ab21987388faa7d8d2cac40d89ea0d90f5e657125577ef8db2f5b81e
scipy/cython_lapack.cpython-312-aarch64-linux-ohos.so	scipy	5dcef70b552d4c86d28fb55cf9d1c8ba28ab165e1c104acec8a927c3e7e70cdf
scipy/cython_special.cpython-312-aarch64-linux-ohos.so	scipy	e3fe291ad10e9dbef866bda5d1d13c0e8a12160d62d98fb575a5173ec694bc38
scipy/givens_elimination.cpython-312-aarch64-linux-ohos.so	scipy	089a6fb6cc7dc20b889318a9fcdce0aeeaec627bc4e8e6c1481697094c8af2f9
scipy/levyst.cpython-312-aarch64-linux-ohos.so	scipy	65601cba9536a4d0d5b2281e285cee41f32d08e3b07cf6f30409d191b41901cc
scipy/messagestream.cpython-312-aarch64-linux-ohos.so	scipy	3f1f86ddfd32448aed12c828c35a3761ac49203c4dddfc291f87acbe0c9ff47b
scipy/pypocketfft.cpython-312-aarch64-linux-ohos.so	scipy	1169715535db88e498223aa65a9b55f4a57b7668acfdc002bb83f53811cd2fdc
scipy/rcont.cpython-312-aarch64-linux-ohos.so	scipy	7f9523e0ac0bb15f1e8bf01bfc6e1d47ffab9bcf9682d463a53ed60b22b873e1
scipy/unuran_wrapper.cpython-312-aarch64-linux-ohos.so	scipy	bde53af423e81d2c74c283e9686fcd04cd0adc2a5a3355bf4afa22c0469faf39
dynload/_asyncio.cpython-312-aarch64-linux-ohos.so	dynload	a83e29882026aa5755da645059ad604acca88d6e6682fc8d0dd4f6ae209bf75f
dynload/_bisect.cpython-312-aarch64-linux-ohos.so	dynload	80f8613061c0658a594d05aeac0d7ffe65ed095f406e3df576b67a2888af782a
dynload/_blake2.cpython-312-aarch64-linux-ohos.so	dynload	8c20d018a8625e68e1ba03d9ddbe11fbe10b33007deedd704b07d30e0f646ddb
dynload/_bounded_integers.cpython-312-aarch64-linux-ohos.so	numpy	6208b3853f022a12b22481ddee15a45e7be4c592f784cfc5e3aacee2326a12ff
dynload/_bz2.cpython-312-aarch64-linux-ohos.so	dynload	f5f51b610c75bfcac8b7db8f4593bb8eddcfb98a354e185d02e99dcf6190d72b
dynload/_codecs_cn.cpython-312-aarch64-linux-ohos.so	dynload	9abe8b6f0adcf95774b6c900ba936f75ef62c9f0368e8fd2a85bb080ddc9deb9
dynload/_codecs_hk.cpython-312-aarch64-linux-ohos.so	dynload	e1e17859d9dbfa7eed38995d8102fbc38f69009565d72bab8dd66bf38169366e
dynload/_codecs_iso2022.cpython-312-aarch64-linux-ohos.so	dynload	7cd35abdd0122be3e1990cb8f2c0a9fb6407a97b26ee05d4575ccde5b8720c01
dynload/_codecs_jp.cpython-312-aarch64-linux-ohos.so	dynload	21322d6de3c988e57b5e3bda02760a6467476fb984caa4a54b1a9d81b4ca49fc
dynload/_codecs_kr.cpython-312-aarch64-linux-ohos.so	dynload	c3ab686ee36a67e1bc8aaacbc2b3cbdba86e331151f99bdff394d73f16935f5d
dynload/_codecs_tw.cpython-312-aarch64-linux-ohos.so	dynload	c83b2379c15cb4329489000240fb8ec8c1e92434a349a5c4ec415addcdf151b0
dynload/_common.cpython-312-aarch64-linux-ohos.so	numpy	88a26995036e7ef1a851e15bfd5f160ea289a0445f193a03982998e7d9ccb2aa
dynload/_contextvars.cpython-312-aarch64-linux-ohos.so	dynload	e9ea8479fe1ead890278349f9de295c96705fb402ba76b187d9daa43506959eb
dynload/_csv.cpython-312-aarch64-linux-ohos.so	dynload	d246b620a49252eff95024e4488500c1d8afc0d8a4ffeb52bb5d8664d64b71c3
dynload/_ctypes.cpython-312-aarch64-linux-ohos.so	dynload	b1663c003431b580f8f026419d848d9cc4bcdfe0c0fd284be82f5c0d24a754fb
dynload/_ctypes_test.cpython-312-aarch64-linux-ohos.so	dynload	384061047c9fbf4fca839b6272e7fe7ea23e7019d1a1b0e765899bc16d9ecb27
dynload/_curses.cpython-312-aarch64-linux-ohos.so	dynload	4aa8c8caff7dba6b054310c7478a57b59f8b57591256c6c440c3af8b61e1daa3
dynload/_curses_panel.cpython-312-aarch64-linux-ohos.so	dynload	115ae990664a3e7404dab8e041cb9370fbefb9422379f0d26a08d843bdb6dfe5
dynload/_datetime.cpython-312-aarch64-linux-ohos.so	dynload	64e5218217e9f0e7d5635fe2c981ddc2da3dfdee59f3cbd97d61f933cde41758
dynload/_decimal.cpython-312-aarch64-linux-ohos.so	dynload	cf4855351b569cf2d36ceae18fc55d89ccccfd353747c3144c450f4166aff639
dynload/_elementtree.cpython-312-aarch64-linux-ohos.so	dynload	aec3638df44f0a6b5591ac7bef4aaad2e84a5d57f705e8a026a8c92cef358ca5
dynload/_generator.cpython-312-aarch64-linux-ohos.so	numpy	e4b9b86b72608e9254b8d1806dc00d1d66f75851187fd2d3f298e36a2872c665
dynload/_hashlib.cpython-312-aarch64-linux-ohos.so	dynload	da462a6a8c35e1e331eb91f1a2a5a8464032d0c205f569324417773fb5270b50
dynload/_heapq.cpython-312-aarch64-linux-ohos.so	dynload	d6a0bc33fd3890d86beaeaa8ed7278d776e9e947244d30e2818f3d214c992c17
dynload/_json.cpython-312-aarch64-linux-ohos.so	dynload	bd29bff446707d09711e809fb89da0861343c694807f857a59b185d4e1eeccca
dynload/_lsprof.cpython-312-aarch64-linux-ohos.so	dynload	9c2885d45e6097a0c68303b8f24d0987919d5c8f1ec049d9957de52438c6ad0e
dynload/_lzma.cpython-312-aarch64-linux-ohos.so	dynload	0e5b3f84e02ff64d9d31bca8311eab116f693b73ac246e16abd723b3c6aaeec6
dynload/_md5.cpython-312-aarch64-linux-ohos.so	dynload	58157b64a80d3f0dacdd280faf108e03d3cb89b56bfc4c2fe9205662a18d83a7
dynload/_mt19937.cpython-312-aarch64-linux-ohos.so	numpy	151dc4a7400b0bd10c388ed24b9c09965c07fbe8da1cce68f5294711ef852d7f
dynload/_multiarray_tests.cpython-312-aarch64-linux-ohos.so	numpy	19d0216886ad716198593efe11dbba473591b6771295551837fb2d8e541f6ca5
dynload/_multiarray_umath.cpython-312-aarch64-linux-ohos.so	numpy	ac3b20a53f4c1e799789e09849ef95a463c8959bd7d4c0ce0f7cfa425eb2cbf8
dynload/_multibytecodec.cpython-312-aarch64-linux-ohos.so	dynload	3c1a1bd1b8ed23ed74424f582b7c8fe07cd5585caeb4251c0aff38b801d9024c
dynload/_multiprocessing.cpython-312-aarch64-linux-ohos.so	dynload	fec0cfb550a33272e6dcda709653e6c6f4ee595233d48012927659dded9d57b9
dynload/_opcode.cpython-312-aarch64-linux-ohos.so	dynload	c3664f6740f6bd5ae285e981c3bed37250ddd3384e32212ee4835220fa04ce79
dynload/_operand_flag_tests.cpython-312-aarch64-linux-ohos.so	numpy	1d49213883465a0c0334540fb8ec791f57134e1006b6e482181e77ab1e670b69
dynload/_pcg64.cpython-312-aarch64-linux-ohos.so	numpy	63cfb078be93348e7e9da706620d271850601c53b2012563b6f29960cff888ca
dynload/_philox.cpython-312-aarch64-linux-ohos.so	numpy	b2edbbf2170163d9769df2ecb26dcb457c1d7fcd4ef96b3968f6c5fbc930e8de
dynload/_pickle.cpython-312-aarch64-linux-ohos.so	dynload	e27f4e19969fdc91c67faaa0c672a82ad7b3b6a63088603304133c036e0d7ec1
dynload/_pocketfft_internal.cpython-312-aarch64-linux-ohos.so	numpy	0656ddebf9a582c0e69d3ce9ab7bd95f55db4009fb94953219db4ff433df538a
dynload/_posixshmem.cpython-312-aarch64-linux-ohos.so	dynload	7779da2d6715fd6db54fc19e9bf8fc48009d8d93790ff208173ff504b9b70f29
dynload/_posixsubprocess.cpython-312-aarch64-linux-ohos.so	dynload	b228b485cdbffdaae0c3eeb20bbe923172b8e1b8a771860c50addd1b0283a29d
dynload/_queue.cpython-312-aarch64-linux-ohos.so	dynload	a83608582b9c7b5c695ee5f8ef2e3f65d1ea051eeeaae9f0ac8d39c9196b90cb
dynload/_random.cpython-312-aarch64-linux-ohos.so	dynload	c9f12eed45196c55dac0a2a728149213a9d26c6b034bb69cd759bf64184dc4f1
dynload/_rational_tests.cpython-312-aarch64-linux-ohos.so	numpy	d0ac0898974840a9d9252631d52592b2fd1a0a2cdf2f57d480ccb170981f4b31
dynload/_sfc64.cpython-312-aarch64-linux-ohos.so	numpy	91dbd3fcf2659fd4aee8750bc9567f0c9699a49151295aec866f94c098deadad
dynload/_sha1.cpython-312-aarch64-linux-ohos.so	dynload	4855577c802d564b4760b0eb97aa14c000ace77ca7ce3152062c8fc0199ad51a
dynload/_sha2.cpython-312-aarch64-linux-ohos.so	dynload	d52eaf8549077b97f22328adfcd71ec0aa3235b443f0c8dfb77c5502be5b2988
dynload/_sha3.cpython-312-aarch64-linux-ohos.so	dynload	dbdcee9cfd1f3321b5e1fc10dff66d0ae32ff213d271ef8714c1ef19b2898f99
dynload/_simd.cpython-312-aarch64-linux-ohos.so	numpy	6e3ae08729b2178075bc97a849b95776e7b9c3c6b9c5e3ee618ef0c2d14dd5ce
dynload/_socket.cpython-312-aarch64-linux-ohos.so	dynload	c4a869b9e4bda77c66b6ea22f9c931a1b0185ef8c4db15b7ed3dac3038d01998
dynload/_ssl.cpython-312-aarch64-linux-ohos.so	dynload	37ec0b0b0864ff7c8a331acb9f0475fa439c3bf8700c2f4cca0ce20f0cd4574e
dynload/_statistics.cpython-312-aarch64-linux-ohos.so	dynload	43acfbb6655a79556feb57f980badbe66624271f10f817eac1918aadff79175e
dynload/_struct.cpython-312-aarch64-linux-ohos.so	dynload	025ae009cbf0f572a9337c00abd291ffffd9ca56163ff515ab78de6525c12fab
dynload/_struct_ufunc_tests.cpython-312-aarch64-linux-ohos.so	numpy	e84cfaa7cd88af9ec94de13f1bc12971e38578be9c6ee63e051579bae897f6fd
dynload/_testbuffer.cpython-312-aarch64-linux-ohos.so	dynload	20b2cc0f3bc8a937d697351e41bf76a9f40083049d0338f33461a2b68aac20d1
dynload/_testcapi.cpython-312-aarch64-linux-ohos.so	dynload	76c885a57db809c9cdf7a8c57458d136e43573d28215d57645174168346adc10
dynload/_testclinic.cpython-312-aarch64-linux-ohos.so	dynload	8d453eba2e0a6b24bbb9737e7018cb2cd761a72af80b9d8c778c00630b550ba7
dynload/_testimportmultiple.cpython-312-aarch64-linux-ohos.so	dynload	c454c0b6bb71e624f6f0eb7240e03793b283d697b3ff538c739c671a40e95be4
dynload/_testinternalcapi.cpython-312-aarch64-linux-ohos.so	dynload	85392514a803dab14d88b29bbdd05e893c1363821af83eedc6b41c18256ce919
dynload/_testmultiphase.cpython-312-aarch64-linux-ohos.so	dynload	1269eba835556c33cd53b49c90f9bb69b4246bc2460c43b8535ff81308f1cf3a
dynload/_testsinglephase.cpython-312-aarch64-linux-ohos.so	dynload	c46d26e13878f4baca94f473f5b2b73136b03758aaa819fbb43cdb3713c70b86
dynload/_umath_linalg.cpython-312-aarch64-linux-ohos.so	numpy	58964d892bb1b12c25715c26b1a186cf31620d45020b25ac47501d02e9fb3c2a
dynload/_umath_tests.cpython-312-aarch64-linux-ohos.so	numpy	42553fa4dddee378521ac231033f6d174eae6c7cdad77f970474a7ad94fdde94
dynload/_xxinterpchannels.cpython-312-aarch64-linux-ohos.so	dynload	1623d50a9d85a9459ae9e97df7d0c4631f70a180fcf4a253e7230a4e4c0f15f0
dynload/_xxsubinterpreters.cpython-312-aarch64-linux-ohos.so	dynload	d4a8a587b23eb96ada31911a967f7a955b44911b86d6d731b535a1f0d8fca028
dynload/_xxtestfuzz.cpython-312-aarch64-linux-ohos.so	dynload	ef19bff9f6a62cfee1545200feed4f4deb45b4d5f336af57377a3a090d873842
dynload/_zoneinfo.cpython-312-aarch64-linux-ohos.so	dynload	f776a5595b82ff85e2d97e3a5e47569b19c59d5e59d3954a1d63a0516079ee17
dynload/array.cpython-312-aarch64-linux-ohos.so	dynload	67afea593d36525fb9cf9f5911090062b484b0c8d36abdf2bce7c2308fe73173
dynload/audioop.cpython-312-aarch64-linux-ohos.so	dynload	c43d04d1d276b4350e404d480f466e9fe0eb8c1144af104a9ea246800759833d
dynload/binascii.cpython-312-aarch64-linux-ohos.so	dynload	b585d2206adff18e1963de3618b20daeafd4a38b8e3118f48e44a4632df945e4
dynload/bit_generator.cpython-312-aarch64-linux-ohos.so	numpy	c0bdeadabce8d43f86f29b3a09be785ca1e9d8bc551e64cb918227abc8ca6787
dynload/cmath.cpython-312-aarch64-linux-ohos.so	dynload	41671bb28019165b9e689e8ab09ef400a0e71d432a29532a4dea66ffa717a347
dynload/fcntl.cpython-312-aarch64-linux-ohos.so	dynload	fcf10197997d492acf29abce5534871c6554d6d6940d92a7f2522d8d6046b7f3
dynload/grp.cpython-312-aarch64-linux-ohos.so	dynload	1442bcae241aeff0c73c049cfd70df5cb958ed8551c5b2ca797b672980fc3d89
dynload/lapack_lite.cpython-312-aarch64-linux-ohos.so	numpy	e93675232823d4159e6fa1917f944847df5d3a81676a8f73340a932c490ab0d6
dynload/math.cpython-312-aarch64-linux-ohos.so	dynload	a6ed6da4d583585749a9d319cf893240c9332325645e25728072e63a50ce582a
dynload/mmap.cpython-312-aarch64-linux-ohos.so	dynload	554d17a79180017a88b9646e14c0108801fd78a4f9b5b2289e32a665d51d3d14
dynload/mtrand.cpython-312-aarch64-linux-ohos.so	numpy	bff6b2feed6aa5633eb4dabbfe06aa44d2dbc67140459ecc7b9666f3aa8f09a4
dynload/ossaudiodev.cpython-312-aarch64-linux-ohos.so	dynload	cd55b31b9c8e87e204f20b473922705081d9ee65e6c5c11b27f4adb511b86bef
dynload/pyexpat.cpython-312-aarch64-linux-ohos.so	dynload	67b9e06fc081b86c0a7829c668d6717684251e523a31eeb61273041a6ec5361a
dynload/resource.cpython-312-aarch64-linux-ohos.so	dynload	6f249685471076764e6f046f744432a3a4f3e52f08bf00f40674a2a00ca0fbc5
dynload/select.cpython-312-aarch64-linux-ohos.so	dynload	81e93b7e0ffc970ee521ea4e03b23c32682222ced1dda353426689c78f4a9545
dynload/syslog.cpython-312-aarch64-linux-ohos.so	dynload	d95f13c0bd1d674a8101e1750b34e751cef8aba5a8a6857ca87e1dbd8e6862fc
dynload/termios.cpython-312-aarch64-linux-ohos.so	dynload	685d50c11e6fd127154826c48d29d41dd55f9f66ebd166c0e494e44689f7f5d5
dynload/unicodedata.cpython-312-aarch64-linux-ohos.so	dynload	ba4c9e6d12b6f7e1267d1511be5304e1244f0109ad7648ff08b992959ac9a5bc
dynload/xxlimited.cpython-312-aarch64-linux-ohos.so	dynload	ee9cd345944fe01fdaf69d346bef70999c44e21cda0085e6d21da580e709da59
dynload/xxlimited_35.cpython-312-aarch64-linux-ohos.so	dynload	1b8f700fa7bdbd690814c8f6cc7e1c29aad18eb313a24dc035f2ea28ded503e9
dynload/xxsubtype.cpython-312-aarch64-linux-ohos.so	dynload	c92f8b91d0737e82e34fc9e351ef5d9a6ba5f256d6293a5a1cee980aa48e2e6d
dynload/zlib.cpython-312-aarch64-linux-ohos.so	dynload	facdfaff303018baf514dbb29b2e8c37c1387593f50d6ffedf35c694af728739
torch/_C.cpython-312-aarch64-linux-ohos.so	torch-ohos-root	564c773a8d4983848cee691b8aee48229ebc9cfaa679bb172fe6d04c37a47bbb
torch/libc10.so	torch-ohos	1880b93eae54580f1fbf7c9d70b20e499426392eff0b1b27a5207d61e0be6146
torch/libshm.so	torch-ohos	a1a1dff0f64af5cdf65bad00f337bc27467561350efe2a217e81befff791175b
torch/libtorch.so	torch-ohos	faf42c79f3c2fcdaa4a8d4a13d3d59c0f32c4a97984d38db1dd8022732257a64
torch/libtorch_cpu.so	torch-ohos	c2a51ce0420834ee54cd77f9e1d5e4c49b283c19440b41204b52322c3deaa39c
torch/libtorch_global_deps.so	torch-ohos	21f536c0204ff3cf8848e65dcf1f2bf68e182e67b3175d8d6bd0d739b9cab277
torch/libtorch_python.so	torch-ohos	609b31565ef3d901c16e9aa9aaad445b92f5fdb6e6292f127e3eb8dd4bd642ee
libc++_shared.so	sdklib	388e0df23d7bfddc2ea01b4e87f8dc359e33df1a7a44705e0a672609ee45b2f9
include/attr.h	pybind11	40f8c7ec17e12fc405c071e4ac36a4f2034e2cc95bd62b403b97e86e37682e9f
include/buffer_info.h	pybind11	fc57108aca9da6985f59729e08636fdc6ab98afcb5cfea85dddd4da1eb5e6a89
include/cast.h	pybind11	f202786389dcf37772ab5d82b94ee2adc02f015d47a0464456bd14c9f78b40d0
include/chrono.h	pybind11	036de769e968aa7fb534a5400013ac26d1d4f55cfc95fbeb0080ae2e4fbba813
include/common.h	pybind11	01383d06dd69c05f2a9cdb88d3ce9fa6b3380944ddad9764fe0d875c4d527fa0
include/complex.h	pybind11	01a0d9fab1262b8b456ae7be2bd3f9cb74f1c6769017a27067fe8b03391d2d02
include/eigen.h	pybind11	f87992035920c0243e18752decf1ed4c473ebf1ab0f71011a45f0f1d6262a76f
include/embed.h	pybind11	17725088e5a72c64ae67436e1320561611f255d7330fc0ffebb92b894e107ec6
include/eval.h	pybind11	eeb7be3b6128af5c83d10fca805907223283d7b7a3cc823af3b62cce5f7f29f1
include/functional.h	pybind11	88ec98b8d99b23e2b7ce073520c0f07b888710e3b717cbf065b552bdb831150e
include/gil.h	pybind11	86c263eb3d625ea968e5cedf3c2804bcaffe79e0e82999bb3ca3f03cd09d555a
include/gil_safe_call_once.h	pybind11	28a732f5681cfcc258f94e56a4265e372cd6ee85660be77ac979207a9859ef3b
include/iostream.h	pybind11	2b9acf5e8098377db9af53e9b5c2422213e182d46d4c942332bedbbd420ec319
include/numpy.h	pybind11	c511217f27144c238f17c085f945917682d7d01db757a61646206a7914449598
include/operators.h	pybind11	db6e11a005dcbf595ae0d358f6b437683fc0782f12f592b1dc754ad4ef01e0c5
include/options.h	pybind11	a97be69e3fbef5f652a79e8d61e7e70775b9575ee9a47958d52ae0a370cd069c
include/pybind11.h	pybind11	85bcd71d1081216eddc2dc1a2a35ca3c2d0d9753061d9e7e0631ac3251372ee5
include/pytypes.h	pybind11	045f31e12e5fb00cd67fe77da6ef3752caa3c11468d2b6a01cfcbdb033a952f9
include/stl.h	pybind11	68c8b53820b0d996fe2112d2940b50109247b56b112622d3f5d283307493d487
include/stl_bind.h	pybind11	079b7c13403865d826dac17427c43f508d94e6ea84050f53b0909e96c278ab41
include/type_caster_pyobject_ptr.h	pybind11	1fba4a0584ef52589b88940470a99e024ca0490c280a4b88cae90d483995abe5
include/typing.h	pybind11	3c88d914d37363f2acae41d03e583456ddb88e54e2ea44e174e95d1098dc86d6
include/stl/filesystem.h	pybind11	95c6110b0340f177f87b81516de621dfa480c108f12a0c935d776b82e47880ce
include/pybind11/attr.h	pybind11	40f8c7ec17e12fc405c071e4ac36a4f2034e2cc95bd62b403b97e86e37682e9f
include/pybind11/buffer_info.h	pybind11	fc57108aca9da6985f59729e08636fdc6ab98afcb5cfea85dddd4da1eb5e6a89
include/pybind11/cast.h	pybind11	f202786389dcf37772ab5d82b94ee2adc02f015d47a0464456bd14c9f78b40d0
include/pybind11/chrono.h	pybind11	036de769e968aa7fb534a5400013ac26d1d4f55cfc95fbeb0080ae2e4fbba813
include/pybind11/common.h	pybind11	01383d06dd69c05f2a9cdb88d3ce9fa6b3380944ddad9764fe0d875c4d527fa0
include/pybind11/complex.h	pybind11	01a0d9fab1262b8b456ae7be2bd3f9cb74f1c6769017a27067fe8b03391d2d02
include/pybind11/eigen.h	pybind11	f87992035920c0243e18752decf1ed4c473ebf1ab0f71011a45f0f1d6262a76f
include/pybind11/embed.h	pybind11	17725088e5a72c64ae67436e1320561611f255d7330fc0ffebb92b894e107ec6
include/pybind11/eval.h	pybind11	eeb7be3b6128af5c83d10fca805907223283d7b7a3cc823af3b62cce5f7f29f1
include/pybind11/functional.h	pybind11	88ec98b8d99b23e2b7ce073520c0f07b888710e3b717cbf065b552bdb831150e
include/pybind11/gil.h	pybind11	86c263eb3d625ea968e5cedf3c2804bcaffe79e0e82999bb3ca3f03cd09d555a
include/pybind11/gil_safe_call_once.h	pybind11	28a732f5681cfcc258f94e56a4265e372cd6ee85660be77ac979207a9859ef3b
include/pybind11/iostream.h	pybind11	2b9acf5e8098377db9af53e9b5c2422213e182d46d4c942332bedbbd420ec319
include/pybind11/numpy.h	pybind11	c511217f27144c238f17c085f945917682d7d01db757a61646206a7914449598
include/pybind11/operators.h	pybind11	db6e11a005dcbf595ae0d358f6b437683fc0782f12f592b1dc754ad4ef01e0c5
include/pybind11/options.h	pybind11	a97be69e3fbef5f652a79e8d61e7e70775b9575ee9a47958d52ae0a370cd069c
include/pybind11/pybind11.h	pybind11	85bcd71d1081216eddc2dc1a2a35ca3c2d0d9753061d9e7e0631ac3251372ee5
include/pybind11/pytypes.h	pybind11	045f31e12e5fb00cd67fe77da6ef3752caa3c11468d2b6a01cfcbdb033a952f9
include/pybind11/stl.h	pybind11	68c8b53820b0d996fe2112d2940b50109247b56b112622d3f5d283307493d487
include/pybind11/stl_bind.h	pybind11	079b7c13403865d826dac17427c43f508d94e6ea84050f53b0909e96c278ab41
include/pybind11/type_caster_pyobject_ptr.h	pybind11	1fba4a0584ef52589b88940470a99e024ca0490c280a4b88cae90d483995abe5
nnrt/_nnrt_bootstrap.cpython-312-aarch64-linux-ohos.so	nnrt	c259e50987797a6a46ebcc1ee7dc9f85492320e1925489d8e2875ac54dbfc604
include/pybind11/typing.h	pybind11	3c88d914d37363f2acae41d03e583456ddb88e54e2ea44e174e95d1098dc86d6
include/pybind11/stl/filesystem.h	pybind11	95c6110b0340f177f87b81516de621dfa480c108f12a0c935d776b82e47880ce
include/pybind11/eigen/common.h	pybind11	7487aa98aec8cd6e4ae24da56ab3e703503ceb7ac3a77f14f586cd230888c989
include/pybind11/eigen/matrix.h	pybind11	56309fc7c33601c0f79bc4c751b204622749c880a568dc3d8cc6ddfc5cdfa35b
include/pybind11/eigen/tensor.h	pybind11	72c137fcdf72cbef64d125903c9b80c66bfc269ffe945aeb3dd54ec8c57cfa07
include/pybind11/detail/class.h	pybind11	0639372bac40320c313cd4ca7e293b482e58db8c202acf0ecf9563bc5772d240
include/pybind11/detail/common.h	pybind11	bb114c558296f3b60f6d4cfc328ef4c6856ba4ad83d4dce1292c250e9c2b271a
include/pybind11/detail/cpp_conduit.h	pybind11	05bc79ef6f17cefc822f681f5bb906eaf80396d4b9f95e60b6435014f15ebd78
include/pybind11/detail/descr.h	pybind11	0fade9207b05de5b8efe0e750a36c953c5a5f553a285c8845d0857bdf460f919
include/pybind11/detail/exception_translation.h	pybind11	7ccd49d7dcf4d00b83968cc7b74b2ba4226bfb5b965b8923fdf2dd4890db758f
include/pybind11/detail/init.h	pybind11	49bd5490f79c0b997dc63e676982dd50ceea2112d5a5eeb5e07f45aefca0f318
include/pybind11/detail/internals.h	pybind11	c6cf88ec9749002c71ee025fd761c12e32f4d3b8d15dc01f7cf0ec774a13aeae
include/pybind11/detail/type_caster_base.h	pybind11	99d819f85224c5d49284c3cf7baf445f18ef7757900c30555fcdf907b5ea08da
include/pybind11/detail/typeid.h	pybind11	8f0e69afd9bbdaf903b25a13f2fc65f708f5ed52467047570f2ce2065b7cf49b
include/pybind11/detail/value_and_holder.h	pybind11	87035896ac63521954aa2870323afab372e184a9598932da59112d42b80e0244
include/eigen/common.h	pybind11	7487aa98aec8cd6e4ae24da56ab3e703503ceb7ac3a77f14f586cd230888c989
include/eigen/matrix.h	pybind11	56309fc7c33601c0f79bc4c751b204622749c880a568dc3d8cc6ddfc5cdfa35b
include/eigen/tensor.h	pybind11	72c137fcdf72cbef64d125903c9b80c66bfc269ffe945aeb3dd54ec8c57cfa07
include/detail/class.h	pybind11	0639372bac40320c313cd4ca7e293b482e58db8c202acf0ecf9563bc5772d240
include/detail/common.h	pybind11	bb114c558296f3b60f6d4cfc328ef4c6856ba4ad83d4dce1292c250e9c2b271a
include/detail/cpp_conduit.h	pybind11	05bc79ef6f17cefc822f681f5bb906eaf80396d4b9f95e60b6435014f15ebd78
include/detail/descr.h	pybind11	0fade9207b05de5b8efe0e750a36c953c5a5f553a285c8845d0857bdf460f919
include/detail/exception_translation.h	pybind11	7ccd49d7dcf4d00b83968cc7b74b2ba4226bfb5b965b8923fdf2dd4890db758f
include/detail/init.h	pybind11	49bd5490f79c0b997dc63e676982dd50ceea2112d5a5eeb5e07f45aefca0f318
include/detail/internals.h	pybind11	c6cf88ec9749002c71ee025fd761c12e32f4d3b8d15dc01f7cf0ec774a13aeae
include/detail/type_caster_base.h	pybind11	99d819f85224c5d49284c3cf7baf445f18ef7757900c30555fcdf907b5ea08da
include/detail/typeid.h	pybind11	8f0e69afd9bbdaf903b25a13f2fc65f708f5ed52467047570f2ce2065b7cf49b
include/detail/value_and_holder.h	pybind11	87035896ac63521954aa2870323afab372e184a9598932da59112d42b80e0244
